ac_0,ac_1,ac_2,ac_3,ac_4,ac_5
0.00864076,-0.00699128,-0.06025885,-0.15400482,-0.21072977,0.01369911
-0.10069014,-0.0901426,-0.02679107,-0.11251723,-0.04871836,-0.05479585
-0.0095625,-0.02739754,-0.01836618,-0.06384922,-0.01835704,-0.01864398
-0.00267087,-0.02033631,0.04456186,-0.12481817,-0.1401645,-0.03049208
-0.03091901,-0.00894899,0.01254952,-0.01854404,-0.01447188,-0.01109687
-0.02060666,0.00431329,0.09204604,-0.04433586,-0.03219362,0.01802395
-0.07862835,-0.10480231,0.000306,-0.07655727,-0.06537391,0.01424778
-0.00759576,0.00323428,-0.12695499,-0.10013608,-0.12183734,0.02954215
-0.04596273,-0.10284052,-0.00122404,-0.07697355,-0.13189024,0.07633658
-0.08959266,-0.08150028,-0.04609745,-0.02339451,-0.13370087,-0.03022327
-0.05858292,-0.14419136,-0.0659851,-0.10582939,-0.0839272,0.08209148
0.0298314,-0.04525502,-0.07067788,-0.24890039,-0.21712936,0.10386896
0.00282625,-0.12019903,-0.07818102,-0.07097119,-0.07885013,0.06863792
0.04343381,-0.04839445,0.00687039,-0.12808907,-0.05423026,0.11006716
0.06305182,-0.09382204,-0.05997382,-0.0533085,-0.09108272,0.11811733
0.01639021,-0.02923609,-0.1112249,-0.13909947,-0.07031218,0.04492773
-0.05821517,-0.15321381,-0.05871946,-0.0767489,-0.06991226,0.07202077
-0.06274794,-0.04589335,-0.04883389,-0.08914689,-0.17189028,0.01817782
-0.05400592,-0.16149788,0.00180685,-0.1581515,-0.10728498,-0.00652901
0.01695938,-0.05157772,-0.05655507,-0.09906255,-0.09194454,-0.02107178
-0.07840024,-0.00520697,0.01972602,-0.0150661,-0.01852078,0.00263165
0.01531536,0.02600206,-0.02748365,-0.09804796,-0.06562506,-0.06307193
0.04255269,-0.10955528,-0.01166018,-0.18625961,-0.18600298,-0.01640012
-0.00575677,-0.02219494,0.05009053,-0.08161061,-0.07853776,-0.07139885
0.23522397,0.23226098,0.02605889,-0.06680144,0.01773808,-0.08319473
-0.15049986,-0.08777312,0.01620027,0.05092752,0.00180761,-0.09724393
0.06587338,0.01391724,0.02316338,-0.11142696,-0.08477752,-0.04810604
-0.00817713,0.00706167,0.04341409,-0.11546017,-0.11276873,0.02279763
-0.03275306,-0.01394321,0.0416409,-0.11767425,-0.09549362,0.0367922
-0.01714842,-0.04016285,0.00152588,-0.01984249,-0.0031961,-0.02260926
-0.03341695,-0.09329,-0.01448977,-0.27523077,-0.2736683,-0.02293765
-0.08888166,0.0139284,0.01834824,-0.28096596,-0.14517571,-0.0366121
-0.09446552,-0.09844491,-0.00142197,-0.11253617,-0.10329099,0.00696747
-0.00048304,-0.00920231,0.0115356,-0.17671463,-0.0697408,-0.04229232
-0.06283032,-0.19659439,-0.01490781,-0.19317636,-0.14978621,-0.10011965
-0.04040013,-0.00123019,0.01198812,-0.05602432,-0.0335291,0.05871136
0.03405609,0.02068314,-0.00027731,-0.13824356,-0.12573177,-0.01766738
-0.04381016,0.04239997,-0.02042885,-0.14967204,-0.13992458,-0.00995229
-0.36687171,-0.30259762,-0.11512388,0.0742124,-0.02876345,-0.04953468
0.08051567,0.05112927,0.03428758,-0.16360395,-0.1127324,-0.0089238
-0.03650818,-0.020296,0.03222337,-0.02991039,0.02774837,0.05926574
-0.07062501,-0.10070578,0.08221885,-0.11591834,-0.13868345,0.01197201
-0.03652394,-0.02304945,-0.01195127,-0.03173071,-0.03595986,0.02496368
-0.03127243,-0.03919538,0.03695915,-0.06138215,-0.01332323,-0.05243784
0.01342504,-0.03167828,-0.03939647,-0.09233013,-0.0400711,0.00026346
0.05405502,-0.03647011,0.00501047,-0.0539494,-0.01254688,-0.00267497
-0.04987714,-0.02806991,-0.01967688,-0.09607581,-0.0823645,0.01638535
-0.01819581,-0.00521805,-0.05297713,-0.10150307,-0.04229584,-0.01307392
0.13597318,0.00342821,-0.01281907,0.25265448,-0.00961558,0.1006152
-0.04539504,-0.0624096,-0.02346103,0.00344307,-0.05274324,-0.04333812
-0.18946477,-0.17480258,0.05864376,0.07150548,0.07597451,0.00252988
-0.17893379,-0.09850951,0.06184477,-0.01355364,-0.00330446,0.08116183
0.04352848,-0.00247331,-0.00499524,0.08400268,-0.01883186,-0.02459734
-0.14108475,-0.08949152,-0.10416527,-0.06599205,-0.04452116,-0.07885547
-0.18855236,-0.17706586,-0.04464842,0.11916898,0.07756179,-0.00256485
-0.21380539,-0.18267305,0.05971584,0.01343182,0.05798229,-0.01301943
-0.10175613,-0.05509995,-0.07573599,-0.10110136,-0.02173688,-0.04218466
-0.05131856,0.06683203,0.00459722,-0.12690378,-0.21095342,0.09675756
-0.03665222,-0.04769577,-0.00678621,-0.17228304,-0.1494601,-0.02144388
-0.05276448,-0.07514606,0.01757631,-0.18825766,-0.11834316,-0.02735277
-0.01014392,-0.03481466,-0.02316552,-0.17942704,-0.18943389,-0.01645394
-0.03496551,-0.04708035,0.01995145,-0.15860331,-0.12838794,-0.02283845
0.00015586,0.00010916,-0.04239445,-0.11586304,-0.16335692,-0.01316371
-0.00949526,-0.10343298,-0.01439651,-0.11350735,-0.12660835,-0.0409562
0.02043976,-0.01650223,-0.0287002,-0.18530305,-0.1948287,-0.03158759
-0.03502388,0.00019599,-0.01296744,-0.08039151,-0.08499863,0.00148764
-0.03335992,-0.00637629,0.04553485,-0.32005492,-0.2939547,0.07415445
0.01923637,0.00402309,-0.03409661,-0.13245753,-0.14443424,-0.01388346
-0.00298143,-0.03053972,-0.03290485,0.01222755,0.10888236,-0.03430159
0.03342787,-0.05228601,0.0059215,-0.05309045,0.0136135,-0.10083076
-0.09512488,0.12658741,0.02080898,0.11925667,0.13331633,0.03346804
-0.03086549,-0.00575888,-0.0230825,-0.03715414,-0.08726883,0.02036754
-0.05086753,-0.0174276,-0.03765757,-0.10812369,-0.03281249,0.03067205
0.01642253,0.02746976,0.0163067,-0.03712703,-0.03935393,-0.01222057
-0.03045291,-0.02810709,0.07413073,-0.04659512,-0.09927608,0.06325499
0.00044816,-0.03660505,0.08919948,-0.02308595,-0.00550078,0.03943672
-0.0317718,-0.10320663,0.09845639,-0.07311254,-0.08311588,0.02621727
-0.05644348,-0.02408796,0.1574146,-0.00848216,-0.01100113,0.06791809
-0.05141045,-0.09305364,-0.05136321,-0.06315782,0.0040145,-0.02690008
-0.10230884,-0.05898775,-0.03548772,-0.09391496,0.00880786,-0.03896598
0.02028832,0.05524985,0.06247024,-0.07840233,-0.11648708,-0.02191548
0.01441594,0.01811562,0.07035129,-0.04824534,-0.04010422,-0.01489272
0.046101,-0.02868122,-0.00396641,-0.0860775,-0.05901775,-0.08643409
-0.0163296,-0.0191021,0.00239585,-0.11531095,-0.07069955,-0.03194894
-0.02426119,-0.00446787,-0.00471318,-0.16002124,-0.14047185,-0.02963621
0.07895848,0.0811899,-0.03040662,0.00967533,-0.12869083,0.0291987
-0.000803,-0.15845447,0.00192257,-0.01976257,-0.07571914,0.00047568
0.00992634,-0.10857581,-0.04949694,-0.10961499,-0.125356,-0.05246541
0.03067402,-0.10880844,-0.08394047,0.03769873,-0.01453292,-0.11999621
-0.51223376,-0.3023456,0.01576163,0.12591311,0.10177236,0.0553757
-0.38073119,-0.3531281,0.00615432,0.07303203,-0.00877129,0.05725492
-0.55621593,-0.35939933,-0.09613158,0.2187134,0.13922115,0.00252865
-0.29764235,-0.35116853,-0.02038148,0.20836717,0.05609598,-0.02880883
-0.38910186,-0.44708191,0.00667423,0.22561153,0.06544366,0.01780867
-0.0269293,-0.08316114,0.01817749,0.17869051,0.12200932,-0.08756039
-0.59532616,-0.45374002,-0.08650911,0.51545788,0.34539043,0.03148737
-0.44662629,-0.32702614,-0.00333229,0.3844937,0.1207988,-0.00014616
-0.04564923,-0.04383401,-0.04439912,0.02029707,0.00081954,0.00028008
-0.1065253,-0.04338905,-0.02263556,0.05864403,0.04555403,0.00410105
0.01924121,-0.06159776,0.01150428,0.07221265,-0.0441556,-0.00812597
-0.00787184,0.00123503,-0.00090811,0.05404638,-0.00330454,0.0449261
0.03904069,-0.04963443,-0.0069907,0.09777441,-0.05046632,-0.02207877
-0.02411817,-0.03315351,-0.02305902,-0.0365727,-0.08606191,-0.02371998
-0.04477694,-0.04869086,-0.01866814,-0.05377426,-0.08631454,0.01173806
-0.05530617,-0.0359906,-0.05497655,0.02458417,-0.00226852,0.02536858
0.01902668,-0.03662465,-0.01219175,0.07539655,-0.03422565,0.01514548
0.06113514,-0.01222101,-0.01599868,0.09008886,0.00211752,-0.01308477
-0.04660437,-0.00136213,-0.01670679,0.04939451,-0.01030927,0.01453365
-0.07030381,-0.06988227,-0.01716789,-0.03592478,-0.04665948,0.00342633
-0.04775144,-0.04855781,-0.00882899,0.14728035,0.00201917,0.00980876
-0.16780423,-0.09905285,-0.06357374,0.12836955,0.06511327,-0.05180232
-0.1699272,-0.14018065,-0.11993809,0.10700402,0.06261294,0.01390542
-0.02131464,-0.07781742,-0.00754746,0.14332833,-0.04989885,-0.04265404
0.1858819,0.03875939,-0.05719397,0.01400583,-0.0313589,-0.02649191
0.03615183,0.00911934,-0.07626177,0.08610038,0.00483351,0.00214088
-0.16965342,-0.15656263,-0.06748314,0.13627194,0.09616383,-7.43e-06
-0.16291611,-0.18405298,-0.04259565,0.18976357,0.11490861,0.04092958
-0.14747982,-0.09228621,0.00596886,0.01470379,-0.02959303,-0.04587394
0.00855301,-0.1400655,-0.03464511,0.2227008,-0.00740595,0.05689713
-0.18428883,-0.28395779,-0.02694841,0.17772235,0.08506837,0.00824389
-0.02310215,-0.09910941,-0.00734614,-0.06226403,-0.00218008,-0.07491652
0.02950033,-0.00080313,0.02593803,-0.10885292,-0.05904902,0.03938315
-0.0501195,-0.01751351,0.02648325,-0.01458861,0.01648955,0.08632808
0.03948267,0.08411931,0.01024417,0.03934059,-0.02561752,-0.00015907
0.06186689,-0.05901083,-0.04190366,-0.14271422,-0.08101257,-0.09456999
-0.02616842,-0.08374534,-0.04392588,-0.00551398,-0.04022962,-0.08333964
-0.04864113,0.0034929,-0.06577004,-0.14441535,-0.15881724,0.04715362
-0.06776047,-0.10255688,-0.02602737,-0.18433308,-0.1763842,0.00328267
-0.10368412,-0.10991351,0.01751653,-0.10889563,-0.09463388,0.03775117
0.03556063,0.01084003,0.04856124,-0.12023192,-0.1854128,0.04959973
0.04220408,-0.03659454,0.02017583,-0.28957651,-0.15697224,0.08253152
-0.00316898,0.02974589,-0.00672895,-0.2196987,-0.15413779,0.0463011
-0.09748183,-0.07108988,0.07583497,-0.18603557,-0.20293104,0.07314624
-0.07562652,-0.04348867,-0.02765487,-0.08604773,-0.1452521,-0.02332467
0.03463157,-0.01166388,-0.03601605,-0.01119527,0.01599679,0.04621002
0.0381857,0.03008189,-0.0013862,-0.05333358,-0.04353354,-0.01277013
0.00010842,-0.0384393,-0.0428765,-0.07043536,-0.05266856,-0.00106396
0.03849972,0.0151794,0.06886988,-0.08152004,-0.13736469,0.02344402
0.12538497,0.01632383,0.15350726,-0.06377523,-0.1445986,0.02423447
0.03195506,-0.02319791,0.0820262,-0.16742011,-0.15284658,0.0340521
-0.00572223,-0.05761345,0.04729588,-0.16597285,-0.17725518,-0.0631807
0.00599197,0.00014452,0.01290784,-0.13551954,-0.14057317,0.05769663
-0.04770863,0.0514479,-0.01256616,-0.082422,-0.08505716,0.02791472
-0.03192562,-0.0092771,0.0347539,-0.13276491,-0.17033273,0.06446375
-0.0548554,-0.03244876,0.01293077,-0.05658507,-0.01232139,0.04583535
-0.01923871,-0.06153929,0.03294783,-0.06042961,-0.13793498,0.03930744
0.00076358,-0.03170527,0.0244685,-0.12670257,-0.1482274,-0.05562733
0.02772227,-0.01725126,-0.06729829,-0.12838977,-0.07586273,0.01138576
-0.02617982,-0.0720007,-0.0987037,-0.20015461,-0.0752665,-0.0346471
-0.0486441,-0.07828282,-0.05346095,-0.09860586,-0.08932222,0.01869745
-0.06447013,0.0064409,0.00134673,-0.14371094,-0.11977513,-0.00380903
0.00904879,-0.06270808,-0.05325155,-0.03394056,-0.0534803,-0.02221933
-0.06016287,-0.04178463,0.08145939,-0.07181126,-0.09941444,-0.04770358
0.07342686,0.08821214,-0.00960989,-0.13486134,-0.11643906,0.02934044
0.04375871,-0.02070018,-0.00184853,-0.06347421,-0.11980373,-0.00356638
-0.06472137,-0.06383886,0.029614,-0.08151745,-0.11391816,-0.00723357
0.22561424,0.15255786,0.06464532,0.0071814,0.04047315,-0.02164228
-0.04295908,0.06621145,-0.00638462,-0.00827919,-0.06676967,0.04648753
-0.06771829,-0.00915602,0.10309205,-0.05203822,-0.03926897,0.01668377
-0.08510125,-0.09422595,0.03877394,-0.0202608,-0.04339569,0.03773751
-0.08003138,-0.05316074,0.00472254,-0.03567146,-0.05319405,0.03296413
-0.02832167,0.06206945,0.12063012,-0.17628025,-0.11525263,-0.11040675
-0.080291,-0.04546348,0.03429154,-0.13833571,-0.01543223,-0.02172742
-0.06075766,-0.0171684,0.02960122,-0.11726203,-0.01207466,-0.11812753
-0.03565419,-0.02182885,-0.03484596,-0.11805658,-0.11028856,0.01220895
0.00597223,-0.00382109,0.03436376,-0.14043334,-0.04859312,-0.04200426
-0.07754422,-0.0430225,-0.00266645,-0.07055552,-0.14183702,-0.02674906
-0.12821085,-0.07703409,-0.01770629,-0.04119762,-0.05407384,-0.04019916
-0.11729309,-0.08336258,-0.01614242,0.03053919,-0.02992675,-0.02128911
-0.05819034,-0.05933491,-0.02612984,0.03424056,0.02038534,0.03035856
-0.05569793,-0.05798721,-0.00031071,-0.1623377,-0.19306119,0.08120268
-0.04112714,-0.07200841,0.06960252,-0.04087532,-0.14374139,0.04227644
0.00846747,-0.03245076,0.04862495,-0.05134357,-0.09584346,0.04377886
-0.03290151,0.03432431,-0.00362862,-0.13923041,-0.08051346,-0.00684835
0.04334316,-0.0502255,0.02478346,-0.04503318,-0.06438425,0.00512633
0.0545732,0.04271489,0.03495051,-0.06747916,-0.04279502,0.02485141
-0.0868494,-0.07127134,0.00167713,-0.1592558,-0.10140966,-0.00215463
-0.0510797,-0.06447382,0.01040654,-0.12481924,-0.09370653,-0.01967676
0.04822392,0.09932842,0.05215233,0.07377574,-0.0413626,-0.01366168
-0.09066819,-0.08024675,0.12963611,-0.12528809,-0.11862646,0.03004794
-0.06456828,-0.03231179,-0.02212476,-0.08244052,-0.06398387,0.05671607
-0.16585347,-0.09515081,-0.11093133,-0.02084628,-0.16996941,-0.05430274
0.02401,0.06810618,-0.10330929,-0.03857541,-0.08139002,-0.10458611
-0.09116881,-0.00942208,-0.13642723,-0.02282245,-0.01620978,-0.19177911
0.09206856,-0.01823974,0.0265006,-0.02916837,0.02480781,0.04254998
0.08541869,0.02357938,-0.12613932,-0.13877013,-0.11970172,-0.01840057
-0.00681257,0.19996236,-0.00541404,-0.11207424,-0.05183188,-0.10615664
-0.01857091,0.07122773,-0.06550105,-0.11366234,-0.07467208,0.02548556
-0.09177225,0.15074324,-0.0154558,-0.10098106,-0.04347774,-0.07687805
-0.12793305,-0.09455905,0.09231616,0.09277384,0.01658489,0.07435254
-0.07041894,-0.06240344,0.08341065,-0.00242583,-0.10333973,0.05037285
-0.13374078,-0.07871171,0.05627995,0.03326115,-0.08873273,0.11054286
-0.14775113,-0.10324467,0.02463895,0.01118504,-0.03050367,0.10643485
-0.10253226,-0.1140459,0.08627985,0.02397556,-0.01900405,0.05032666
-0.15602506,-0.10048816,0.05155429,0.02497254,-0.00941919,0.05387251
-0.08710923,-0.08154406,0.00996004,0.00742234,-0.01333871,0.05714555
-0.13340794,-0.0887189,0.05568862,-0.02115809,-0.07792048,0.06769667
-0.14107531,-0.13084614,0.06605746,0.04592441,-0.04330545,0.05897723
-0.11170857,-0.07947996,0.10283842,0.03552197,0.01022419,0.09630913
-0.16627378,-0.18540727,-0.07372755,0.02500358,-0.00486564,0.03734019
-0.19713617,-0.17746021,-0.06983213,-0.07347157,0.00254226,0.02296033
-0.07621578,-0.15011005,0.02411329,0.04877002,0.06507578,-0.0565133
-0.00742963,0.0044572,0.01651312,-0.11010519,-0.11340832,-0.05074498
-0.01482136,-0.02595271,0.04167361,-0.09281824,-0.06495986,-0.00317985
-0.02631304,-0.02057329,0.00113848,-0.24364685,-0.14628513,-0.04548947
-0.04973962,-0.05199312,-0.00998206,-0.11852666,0.06490756,0.00093626
-0.0180603,-0.05858617,0.12576431,-0.01724021,-0.03132313,0.03022319
-0.02137935,0.01564793,0.06289318,-0.03634548,-0.09104663,0.06096467
-0.03806932,-0.0223797,-0.07403791,-0.02417033,-0.05355592,0.02424093
-0.04540547,-0.17862328,-0.0044743,-0.07464608,-0.04434263,-0.00151822
0.15175905,0.06365595,-0.0767091,0.03585246,-0.03464176,0.05423164
0.00510133,0.03680951,-0.03675896,-0.15308107,-0.07225672,-0.07177867
-0.03147266,-0.0104991,0.02086305,-0.12127638,-0.14513971,0.04058434
-0.05585592,0.00424197,0.02122289,-0.12451925,-0.09226178,-0.02736312
-0.06898069,-0.01296793,0.00449508,-0.06503097,-0.06953108,0.0043678
-0.08524337,-0.00720159,0.0207595,-0.13897742,-0.14297276,0.01313349
-0.05154613,-0.03304013,0.0288089,-0.11702856,-0.13397353,0.06394415
-0.0120296,-0.00795175,0.02549497,-0.09430121,-0.11509275,0.01182515
-0.05257752,-0.0398997,0.02402446,-0.13787229,-0.11600505,0.01491237
-0.0148025,-0.04905823,0.06316863,-0.10161947,-0.10561564,-0.01627397
-0.01735495,-0.02495544,0.00234779,-0.12282758,-0.15028804,0.00473359
-0.08123476,-0.03151559,0.01592375,-0.08086693,-0.11536369,0.02356362
-0.05613059,-0.00186134,-0.00222448,-0.15578485,-0.16945748,0.02459529
-0.04436132,0.0179753,-0.02047595,-0.10350953,-0.15721602,0.05006911
-0.11776537,-0.08747956,0.01750244,-0.14192448,-0.08054479,0.02253355
-0.05040292,0.01166925,0.02080767,-0.08536364,-0.07807563,-0.02584221
-0.1108417,0.00705922,-0.00352198,-0.11007003,-0.14519132,0.01013796
-0.05866402,-0.06218845,-0.03285959,-0.18708901,-0.06834461,-0.01065542
-0.01905011,0.03521341,-0.06914507,-0.05778981,-0.06754947,0.02740402
-0.06818427,-0.06148739,-0.01429201,-0.11313919,-0.10310125,0.00326569
-0.12891969,-0.10051466,-0.02558542,-0.08034439,-0.13325853,0.03020097
-0.06466443,-0.00245911,-0.04250231,0.00062633,-0.10369769,0.04387336
-0.03271416,-0.01856523,0.0089242,-0.11448206,-0.07005749,-0.03181714
-0.05774174,-0.0556671,-0.02435967,-0.05991773,-0.06980836,0.04294956
-0.07545813,-0.06558695,0.0223306,-0.00216552,-0.02254029,0.04960936
-0.06568827,-0.04942477,-0.02761134,-0.07294171,-0.06020854,0.04349038
-0.01659829,-0.0647032,0.02235727,0.00572721,-0.04144005,0.05801484
-0.04636753,-0.05447961,-0.01239969,-0.04306076,-0.06287221,0.06887413
-0.05837752,-0.01645165,-0.01166936,-0.00518774,-0.00253261,0.00850572
-0.05213391,-0.09677265,0.02844309,-0.11640622,-0.02058133,-0.02629496
-0.01012443,-0.03965436,0.00556312,-0.08036335,-0.01603405,0.05267728
-0.07103956,-0.05327445,0.01365167,0.01211445,0.00665474,0.04157608
-0.08266615,-0.02150163,0.01543699,0.03019606,-0.02930818,0.02441847
-0.06715408,-0.05928718,-0.0061736,-0.01924263,-0.04509135,0.02898018
-0.07506248,-0.08696515,-0.01954905,-0.08529386,-0.08120244,0.03328178
-0.06428299,-0.04905269,-0.02024312,-0.02016181,0.01222381,0.06142278
-0.0187695,0.00928561,-0.037268,-0.1762599,-0.12488527,-0.01317773
-0.06250387,0.00975448,-0.03351007,-0.1385248,-0.12971823,-0.06391254
-0.06453279,-0.02290178,-0.07256263,-0.03175371,-0.04785702,-0.05103625
-0.03657602,0.01939613,-0.07228478,-0.10119138,-0.04667081,-0.02535326
0.00331379,0.00940431,0.00347258,-0.12192001,-0.12650596,-0.0406849
-0.03829617,-0.06806659,-0.02451121,-0.07937183,-0.13596314,-0.02193667
0.01032678,-0.01464486,-0.03427307,-0.08457535,-0.04104716,0.0386636
0.0029647,-0.00911036,-0.07628294,-0.03340228,0.00371023,-0.02881924
0.01377358,0.00933727,-0.06829062,-0.05176979,-0.00523316,-0.03462395
-0.00530897,0.02518253,-0.05963807,-0.09537636,-0.12411802,-0.03757412
-0.04362424,-0.00928745,-0.02182176,-0.10269329,-0.07832625,-0.09401975
0.01675295,0.00096714,-0.04902323,-0.08107523,-0.10890997,0.00419635
-0.02694902,-0.02629437,-0.04387497,-0.0661968,-0.07556278,-0.00070325
-0.07054687,-0.02079858,-0.04554601,-0.06230383,-0.0738229,-0.09525947
0.01385779,0.02619398,-0.01782374,-0.06425399,-0.08008491,-0.08127792
-0.00097516,0.00871812,-0.03303866,-0.11707042,-0.1067331,-0.03796143
-0.12202506,-0.06169942,-0.11158834,-0.09478596,-0.04186174,0.07387756
-0.11099146,0.0009118,-0.04293709,-0.02009347,-0.06717137,0.07910384
-0.15508113,-0.12508857,-0.0335344,-0.02250368,-0.01943348,0.04894669
-0.04548903,-0.05934197,0.07198498,-0.1451641,-0.12534036,0.06269497
-0.09598563,-0.12498013,0.04413612,-0.11127735,-0.07082173,0.05989676
-0.14591038,-0.05120049,0.02165652,-0.13476425,-0.07865419,0.05472854
-0.120947,-0.08995269,-0.06470261,-0.06098724,-0.05398007,-0.01043904
-0.16231706,-0.10008223,-0.04420727,-0.13057757,-0.13397256,-0.00051698
-0.08313025,-0.00852104,-0.07268394,-0.06360299,-0.01199632,0.06035
-0.12217014,-0.07326561,0.00307967,-0.10962846,-0.02740118,0.05609341
-0.01569549,-0.01153877,-0.00663353,-0.05005984,-0.03542946,-0.05630059
0.00664184,0.00784295,0.04447298,-0.04460543,-0.03251691,-0.02948445
0.02160323,0.03201565,0.01357297,-0.05459055,-0.03131984,-0.04253973
-0.08299713,-0.08932228,-0.01598777,-0.09865584,-0.04892679,-0.01089958
-0.06820651,-0.04704283,0.00676353,-0.07312406,-0.08896727,-0.00390759
-0.02651927,-0.00988101,-0.01303184,-0.09408868,-0.09076049,0.03940344
-0.11371627,-0.11206647,-0.00651828,-0.04426458,-0.04167772,-0.01517334
-0.05385162,-0.02272668,-0.00657364,-0.03470451,-0.06360207,0.01421597
-0.02337219,-0.03583554,-0.00698738,-0.09965448,-0.03907839,-0.01772396
-0.03466035,-0.06870191,-0.01503255,-0.12565656,-0.07191916,-0.04884831
-0.04738338,-0.04298182,-0.0289742,-0.09567261,-0.08000003,-0.01964856
-0.05707717,-0.04213485,0.00980918,-0.12948839,-0.07321653,-0.0136561
-0.02142535,-0.01946659,-0.018238,-0.0509256,-0.0452297,-0.06387994
-0.04071237,-0.04808774,-0.02762203,-0.10244498,-0.08601621,0.00251466
-0.10860787,-0.03455208,-0.03737452,-0.12747387,-0.1369189,-0.05931451
-0.05654746,-0.112119,-0.01697425,-0.08312651,-0.02577819,0.0113188
-0.02226406,-0.06446551,-0.09626312,-0.1187366,-0.08022475,0.00208933
-0.0088077,0.01654889,0.02435498,-0.12525738,-0.11593506,0.01915248
-0.05061735,-0.02127444,-0.02656866,-0.11844531,-0.12477772,-0.01476094
-0.046181,-0.05168333,0.00506178,-0.0883844,-0.0960981,-0.0095879
-0.07698671,-0.05140883,0.04877496,-0.08300606,-0.0952125,0.02995521
-0.05606674,-0.04490092,0.00584867,-0.1217682,-0.1179617,0.01630455
-0.05006125,-0.04767924,0.00033254,-0.10306755,-0.09452741,-0.00381668
-0.03681999,-0.06198947,0.00890359,-0.00131836,0.00547845,0.02926022
-0.07266864,-0.08514985,0.00142527,0.0399423,0.00061149,0.04946552
0.02944483,-0.05230304,0.00604092,0.00115967,-0.01330878,0.05774595
-0.08378038,-0.07487666,0.01158055,-0.09117711,-0.08950103,-0.01968794
-0.07643585,-0.05590073,0.00761398,-0.01048277,-0.06895952,0.11598053
0.00465392,-0.03244099,0.03047728,-0.15597971,-0.13320968,-0.00734934
-0.15667275,-0.16462982,-0.04347278,-0.0409145,-0.08662399,0.05575126
-0.10945369,-0.09150833,0.03867822,-0.12988699,-0.09379745,0.00081664
-0.01897145,-0.06146348,-0.0021187,-0.06740478,-0.14983809,0.0947389
-0.0268976,-0.03934632,0.05193344,-0.11031545,-0.13754013,0.02321726
-0.09225008,-0.13398597,0.01167686,-0.05997094,-0.12418636,0.0123848
-0.07898118,-0.09775435,0.01464475,-0.03105538,-0.11189373,0.14983475
-0.05572772,-0.04953514,0.03430904,-0.08440179,-0.10383484,0.07489054
-0.03924857,-0.06012859,-0.01423817,-0.16927788,-0.12764671,0.03464953
-0.00787492,-0.0333615,-0.03655948,-0.17394999,-0.11875539,0.0663692
-0.06882113,-0.10326416,0.03514772,-0.08496765,-0.08653265,0.04874804
-0.05444825,-0.07322745,0.03080794,-0.0844252,-0.02043734,0.00886923
-0.05858364,-0.08317176,0.01869967,-0.13238889,-0.08212977,0.07328381
-0.02024233,-0.09959855,0.03688373,-0.12178482,-0.16557748,0.01509184
-0.03937732,-0.08504833,0.00409354,-0.04530598,-0.05420149,0.08852132
-0.02450488,-0.06252922,0.03096965,-0.08220074,-0.06734353,0.06798725
-0.06511628,-0.09479355,0.02180593,-0.03041036,-0.03124837,0.04314946
-0.00377755,-0.03861782,0.03791799,-0.09835373,-0.06406324,0.04927196
-0.15090781,-0.14642726,-0.01808356,-0.1027802,-0.11184959,0.10387353
-0.00598677,-0.02021023,0.0601541,-0.15796539,-0.12888188,0.02013745
-0.00675247,-0.01801678,-0.02989752,-0.11789797,-0.08519358,-0.02565405
-0.00468287,-0.0147367,-0.04456242,-0.07605638,-0.0903527,0.01422814
0.01586111,0.00078479,-0.02785486,-0.10441367,-0.10101533,0.01026922
-0.01575006,-0.01381759,-0.03032727,-0.06989354,-0.07760268,-0.01826748
-0.00909618,-0.03698429,-0.04601109,-0.08975309,-0.10009674,0.02783842
-0.01823486,-0.0701971,0.07187266,-0.03164579,-0.12902718,0.05872073
-0.00982647,-0.02538232,0.00074294,-0.0142928,-0.09017613,0.12241235
-0.04548322,-0.06176231,-0.02873698,-0.03522675,-0.15149185,0.01967382
-0.04932996,-0.08734097,-0.01063711,-0.09054315,-0.17801083,0.09474996
-0.02040596,-0.02949842,0.0094726,-0.08125976,-0.12277946,0.04882458
-0.05862584,-0.08132301,-0.04511556,-0.10425434,-0.17650262,0.08450475
-0.02183109,-0.07180526,0.02752003,-0.09604744,-0.16166297,0.08932668
-0.02081263,-0.05432859,0.0001482,-0.03581151,-0.12577264,0.04331464
0.00549342,-0.04625222,0.00076157,-0.08691993,-0.14230608,0.05750947
-0.06727154,-0.11276077,0.00806982,-0.11602121,-0.17383729,0.04749104
-0.0585662,-0.09600116,-0.00242328,-0.05329141,-0.11290317,0.05199996
-0.01565109,-0.04454167,-0.01685899,-0.16039942,-0.1918361,0.02714773
-0.00727534,-0.01886502,-0.00898419,-0.0655023,-0.03150214,0.02361234
0.01732999,-0.00408742,0.03031971,-0.08597352,-0.12243397,0.05138491
0.04354673,0.03410831,-0.02556746,-0.06688376,-0.06101743,0.05510105
0.03361163,0.00788366,-0.00745173,-0.1164393,-0.13758142,0.02672683
0.0251166,0.02052704,0.00260791,-0.08823116,-0.11305901,0.07453705
0.00371493,0.02059796,0.00254932,-0.10131288,-0.12309626,0.04760803
-0.04887061,-0.05063165,-0.00363122,-0.0758191,-0.05060276,0.05552822
0.04988362,0.0035496,-0.01179295,-0.10329824,-0.11815427,0.03852309
-0.05568592,-0.01548815,-0.02410213,-0.11747563,-0.10250423,0.00893855
-0.06693916,0.0347314,0.00237365,-0.13145468,-0.12260946,0.00088191
-0.08956918,-0.03595595,-0.03537346,-0.10336766,-0.06717559,0.00832061
-0.00016871,-0.00385037,-0.04465319,-0.160225,-0.06746477,-0.01814119
-0.01456904,0.00551029,-0.07689397,-0.19248041,-0.08573621,0.00464535
-0.0014619,0.01240109,-0.02771241,-0.13690887,-0.11199147,-0.01187676
-0.04901384,0.02091006,-0.00725213,-0.12763351,-0.11152058,-0.01263717
-0.0168957,0.02473413,-0.04309313,-0.14666598,-0.14700935,-0.03244446
0.04959535,0.0399533,-0.06302219,-0.16787847,-0.14317451,-0.00571643
0.01338876,-0.00439788,-0.0373007,-0.06050147,-0.08780375,0.05309663
-0.08998058,-0.05772707,-0.01314482,-0.06456747,-0.11673402,0.08398947
0.05654092,0.00168512,-0.0562744,-0.11292399,-0.13727052,0.02782197
-0.02471713,-0.01475653,-0.07044453,-0.05099258,-0.06752617,0.04078128
-0.0122469,-0.00539404,-0.03249001,-0.01911079,-0.00903962,0.11105779
0.00112497,-0.00974525,-0.02400858,-0.07390852,-0.07525018,0.09334214
0.02173179,-0.00693427,0.03128459,0.02570206,-0.00974751,0.12045752
-0.07395411,-0.07208802,-0.01946013,-0.03785006,-0.07235911,0.07367112
-0.11631225,-0.01587243,-0.07140182,-0.05427127,-0.06614025,0.00616683
0.01814476,0.04644342,-0.08213127,-0.09715724,-0.07391362,-0.00980522
-0.02912858,-0.01673982,-0.06547506,-0.02467865,-0.05609035,0.02223041
-0.07264997,-0.0384496,-0.04293986,-0.11306672,-0.1107522,0.00510014
-0.08256778,-0.01853242,-0.00520782,-0.09058681,-0.06481682,-0.00231612
0.02590728,0.06832785,-0.06685159,-0.15297787,-0.11543272,-0.00425752
-0.00316282,0.05363153,-0.02580125,-0.10505964,-0.04935415,0.02829351
-0.03199022,-0.04024077,-0.03992174,-0.1580204,-0.16458373,-0.02718189
-0.00397634,-0.00177328,-0.0396148,-0.15723933,-0.14667616,-0.00278001
-0.04853421,-0.03581686,-0.04314464,-0.1369827,-0.12877945,0.02401255
-0.05618733,-0.08540188,-0.01026836,-0.13965718,-0.09395553,0.03962519
-0.08738401,-0.06049184,-0.02031715,-0.09625183,-0.06630182,-0.03838122
-0.02979171,0.00019037,-0.03047548,-0.19781047,-0.07065797,-0.07810763
-0.06902222,0.0013412,-0.03985801,-0.12866987,-0.08918789,-0.06786461
-0.05697447,-0.01577501,-0.04138015,-0.11704954,-0.07298502,-0.06589309
-0.09391148,-0.02423713,-0.04982753,-0.11010189,-0.04702336,-0.02611097
-0.09416175,-0.07534088,-0.01477659,-0.10917848,-0.10075786,-0.03346903
0.01843122,-0.0094845,-0.08644068,-0.13526478,-0.11155478,0.06984379
-0.01786228,-0.00101201,-0.02994441,-0.09568576,-0.07278232,-0.08930148
-0.0707466,-0.05893375,-0.03298712,-0.04631083,-0.01065669,0.00361786
-0.11300715,-0.09759369,0.02906536,-0.09563728,-0.06707815,0.04182649
-0.06839842,-0.05813162,0.02403458,-0.07454539,-0.05732638,0.05666762
0.00069324,0.02263572,0.08493491,0.00598767,-0.01724497,0.02414908
-0.10435766,-0.09703629,0.05648431,-0.04038365,-0.02082402,0.04746764
-0.04690681,-0.13838367,0.03456639,-0.06663667,0.00533512,0.03238443
-0.04739708,-0.05451032,0.08773799,-0.10344462,-0.12879247,0.00582134
0.00446502,-0.0946427,0.0498605,-0.02187876,-0.01927944,0.01388018
-0.08279295,-0.10309309,0.06179561,-0.09998133,-0.10015043,-0.00399947
0.01864769,-0.00561829,-0.00459529,-0.0227231,-0.06112282,-0.006184
-0.06104627,-0.05463271,0.01225607,-0.04534028,-0.02379803,0.01772233
-0.07897399,-0.12014253,0.03799939,-0.03970276,-0.00629303,0.04245859
-0.04497467,-0.07961201,0.03284044,-0.10046965,-0.08734315,0.00449358
-0.12324248,-0.04358128,-0.01644418,-0.08430282,-0.05307439,-0.01372902
-0.08650053,0.00031467,0.04092675,-0.14402655,-0.07458645,-0.0092851
-0.01570952,0.01058695,-0.02283618,-0.08969059,-0.01983904,-0.05367529
0.02553674,-0.0174513,0.10526452,-0.03480319,-0.03145033,0.03845244
-0.05065576,0.0234981,0.03491562,-0.07077472,-0.08923838,-0.01000759
-0.05596153,-0.01783773,0.00758253,-0.04501194,-0.05647418,0.03289497
-0.07496369,-0.04233989,0.05573287,-0.07850591,-0.09676076,-0.00477416
-0.06305885,0.00457188,0.03324057,-0.10467761,-0.07016667,0.00256121
-0.07939121,-0.07202401,0.05474194,-0.00686703,-0.03027047,0.01269156
-0.04293393,-0.01986679,-0.0086928,-0.09082163,-0.09129134,0.03392295
-0.00690956,-0.03682789,-0.02761648,-0.10068525,-0.0379136,-0.01167666
0.01913529,-0.01819132,0.013412,-0.11117182,-0.1010261,0.03731193
-0.00842122,-0.01265019,0.00389478,-0.09285405,-0.12408955,0.01564885
-0.07505332,-0.03365107,-0.0280483,-0.05110076,-0.08376924,0.00551067
0.07020904,0.08518305,0.01438948,-0.12515278,-0.08933258,-0.06512554
0.05464841,0.01003603,0.02274802,-0.02384427,-0.07775907,0.00230453
-0.02549455,-0.03055341,0.02529641,-0.05011808,-0.09072377,-0.05722519
0.0347154,-0.00992651,0.00270973,-0.04766621,-0.06612766,-0.02927767
0.05749689,-0.01208211,0.03998811,0.02099246,0.05082795,-0.0373826
0.00588345,0.03170876,0.03092072,-0.14366111,-0.14718561,-0.01689147
-0.01204351,-0.01354246,0.00660889,0.03551216,-0.0263402,-0.03194254
0.07435025,0.04319175,0.00429174,-0.03517926,-0.04380696,0.03965092
0.00303511,0.02829994,-0.02051156,-0.077198,-0.04226434,-0.05545039
-0.00041321,-0.07122506,0.05450468,-0.03840474,-0.04975383,-0.0644252
0.0263743,0.06479917,0.03986751,-0.0618915,-0.00904232,-0.04183885
-0.06017898,-0.04075527,0.04381687,-0.09169624,-0.10739174,-0.0190889
0.06669071,0.06546256,0.03468919,-0.09786723,-0.05318504,0.01057207
0.0570824,0.03694646,0.01756949,-0.07042637,-0.04306839,0.04641473
0.14025466,-0.07874138,-0.07224458,0.02321708,-0.1166164,-0.04497798
0.00143998,-0.00240073,-0.01170195,-0.07577184,-0.06554421,-0.06938221
0.0222205,0.03661125,-0.00328913,-0.06963623,-0.03955367,-0.04265451
0.15864369,0.03323877,0.13849588,-0.09018531,-0.11828656,-0.07218533
-0.05936142,-0.04777988,0.05861551,-0.0865929,-0.07873617,-0.04214906
-0.06141313,-0.07323285,-0.02961667,-0.15175745,-0.12746793,-0.00052096
-0.01756094,-0.03723327,-0.09459186,-0.03394295,-0.08099044,-0.04483544
0.02238136,-0.05347767,0.01186151,-0.10602927,-0.03244062,-0.03756672
-0.07811829,-0.11348309,-0.04066455,-0.00556541,-0.00551985,-0.01055769
0.0356629,-0.01341597,-0.06473446,0.03251362,0.04673496,0.04029462
-0.03548739,-0.0524133,0.01514128,-0.02621993,-0.06177429,0.01717681
-0.16604016,-0.11218169,0.01407891,-0.08574051,0.06280029,0.0267211
0.05550166,0.16256717,-0.07266745,-0.12753428,-0.09030874,-0.06569509
-0.07570583,-0.0026519,-0.04366553,-0.09086292,-0.12202456,-0.00725323
-0.0372132,-0.04492885,-0.03001457,-0.14727963,-0.08419347,-0.05888708
-0.00595348,0.0119698,-0.05193089,0.03410198,-0.0669249,0.01682339
-0.16375854,-0.074543,-0.01742708,0.00842991,-0.03168068,-0.04900539
-0.0066633,-0.05110574,-0.02673602,-0.06878608,-0.08271598,0.01970542
-0.09750054,-0.1019842,0.0070618,-0.04686429,-0.01466634,-0.01382417
-0.11387248,-0.1546532,-0.03988019,-0.06692783,-0.05013741,-0.03701869
-0.03784662,-0.10120326,0.07876999,-0.07610368,-0.05469815,-0.07925577
-0.06662265,-0.0888921,-0.01743569,-0.01724884,0.0069923,0.02252964
-0.0641394,-0.1286027,0.01819255,-0.04567985,-0.04766721,-0.00432404
-0.08190545,-0.07963645,-0.04172049,-0.13504471,-0.15343619,-0.01521711
